<?xml version="1.0" encoding="UTF-8"?>
<project-private xmlns="http://www.netbeans.org/ns/project-private/1">
    <editor-bookmarks xmlns="http://www.netbeans.org/ns/editor-bookmarks/2" lastBookmarkId="0"/>
    <open-files xmlns="http://www.netbeans.org/ns/projectui-open-files/2">
        <group>
            <file>file:/C:/projects/OneDrive/Project57/lab3_network/Lab2_DistanceVectorRouting/src/node/NodeService.java</file>
            <file>file:/C:/projects/OneDrive/Project57/lab3_network/Lab2_DistanceVectorRouting/src/common/Utility.java</file>
            <file>file:/C:/projects/OneDrive/Project57/lab3_network/Lab2_DistanceVectorRouting/src/common/Message.java</file>
            <file>file:/C:/projects/OneDrive/Project57/lab3_network/Lab2_DistanceVectorRouting/src/node/NodeServer.java</file>
            <file>file:/C:/projects/OneDrive/Project57/lab3_network/Lab2_DistanceVectorRouting/src/master/MasterFrame.java</file>
            <file>file:/C:/projects/OneDrive/Project57/lab3_network/Lab2_DistanceVectorRouting/src/node/NodeData.java</file>
            <file>file:/C:/projects/OneDrive/Project57/lab3_network/Lab2_DistanceVectorRouting/network.txt</file>
        </group>
    </open-files>
</project-private>
